ID,Name,Surname,PhoneNumber,email
1,Anna,Morozov,79703023366,5555555@gmail.com 
2,Dima,Kushnir,79687587227,77777777@mail.ru 
3,Kate,Kushnir,79597501139,88888888@mail.ru 
4,Lina,Kushnir,79887715271,5555555@gmail.com 
5,Kate,Fomenko,79564441002,44444444@gmail.com 
6,Natasha,Fomenko,79484301834,77777777@mail.ru 
7,Anna,Kaleeva,79299704006,99999999@yandex.ru 
8,Roma,Zinchenko,79953944129,5555555@gmail.com 
9,Pasha,Fomenko,79750298082,666666666@mail.ru 
10,Kate,Kaleeva,79255911614,333333@mail.ru 
11,Natasha,Fomenko,79410049511,77777777@mail.ru 
12,Anna,Kushnir,79856857338,333333@mail.ru 
13,Sonya,Vitek,79835365855,44444444@gmail.com 
14,Dima,Fomenko,79967353350,77777777@mail.ru 
15,Igor,Vitek,79100502968,77777777@mail.ru 
16,Lina,Kaleeva,79284850853,2222222@yandex.ru 
17,Dima,Krasota,79555185717,333333@mail.ru 
18,Kate,Zinchenko,79742619950,77777777@mail.ru 
19,Denis,Nebozenko,79920279362,11111@gmail.com 
20,Kate,Kaleeva,79375312882,88888888@mail.ru 
21,Roma,Krasota,79601220641,77777777@mail.ru 
22,Kate,Petrenko,79768122640,333333@mail.ru 
23,Dima,Ivanov,79406101569,99999999@yandex.ru 
24,Dima,Usenko,79029324649,77777777@mail.ru 
25,Igor,Kaleeva,79239532642,333333@mail.ru 
26,Natasha,Ivanov,79236267550,5555555@gmail.com 
27,Anna,Zinchenko,79149214896,99999999@yandex.ru 
28,Igor,Kaleeva,79092522342,333333@mail.ru 
29,Kate,Kaleeva,79410445787,333333@mail.ru 
30,Denis,Petrenko,79305414695,44444444@gmail.com 
31,Denis,Vitek,79736642667,77777777@mail.ru 
32,Igor,Nebozenko,79355290685,333333@mail.ru 
33,Sonya,Petrenko,79352957074,333333@mail.ru 
34,Pasha,Zinchenko,79020856268,5555555@gmail.com 
35,Dima,Fomenko,79089322423,44444444@gmail.com 
36,Natasha,Ivanov,79157458261,333333@mail.ru 
37,Kate,Krasota,79109953517,99999999@yandex.ru 
38,Dima,Zinchenko,79373820771,666666666@mail.ru 
39,Lina,Ivanov,79746409646,11111@gmail.com 
40,Natasha,Usenko,79165488876,333333@mail.ru 
41,Sonya,Fomenko,79368497004,88888888@mail.ru 
42,Denis,Fomenko,79746929667,666666666@mail.ru 
43,Lina,Petrenko,79056155000,333333@mail.ru 
44,Pasha,Vitek,79610888429,88888888@mail.ru 
45,Pasha,Fomenko,79481114625,333333@mail.ru 
46,Sonya,Usenko,79360806167,5555555@gmail.com 
47,Kate,Nebozenko,79883783425,88888888@mail.ru 
48,Roma,Kushnir,79761285552,2222222@yandex.ru 
49,Natasha,Vitek,79108142998,5555555@gmail.com 
50,Lina,Ivanov,79900911593,666666666@mail.ru 
